source_id,title,file_name,relative_path,absolute_path,sha256,file_size_bytes,modified_utc,source_priority,source_type,disclosure_level,origin,author_or_owner,date_created,date_accessed,jurisdiction,license_status,confidentiality_notes,pii_status,verification_status,ingestion_status,legal_review_status,wet_lab_validation_status,provenance,summary,evidence_label,risk_flags,allowed_use_cases,prohibited_use_cases
ASP-P1-C954B1021413,confidentiality_policy,confidentiality_policy.md,00_ADMIN/confidentiality_policy.md,C:\Users\jbc89\OneDrive\Pictures\바탕 화면\asperitas-agent\00_ADMIN\confidentiality_policy.md,c954b10214136ad060410b363f3a9d1123078d82eac2b849756a43d89628b805,32325,2026-06-09T17:51:07.696767+00:00,P1,internal,confidential,manual,,,2026-06-11,unknown,restricted,Default classification from source priority and repository path: confidential.,unknown,unverified,chunked,not_reviewed,not_applicable,00_ADMIN/confidentiality_policy.md,Registered local source file classified as P1/internal with confidential disclosure. Content claims require retrieval-level citation.,Document-Supported Fact,external_comm,strategy|science|compliance|market|fundraising|operations|agent_development|rag|historical_context,public|external_unapproved
ASP-P1-0114E10B98E2,decision_log,decision_log.md,00_ADMIN/decision_log.md,C:\Users\jbc89\OneDrive\Pictures\바탕 화면\asperitas-agent\00_ADMIN\decision_log.md,0114e10b98e2d00eee5f9704c8cec57bd506b16c84fde1ad562a82e596879e86,32084,2026-06-09T17:53:20.615093+00:00,P1,internal,confidential,manual,,,2026-06-11,unknown,restricted,Default classification from source priority and repository path: confidential.,unknown,unverified,chunked,not_reviewed,not_applicable,00_ADMIN/decision_log.md,Registered local source file classified as P1/internal with confidential disclosure. Content claims require retrieval-level citation.,Document-Supported Fact,external_comm,strategy|science|compliance|market|fundraising|operations|agent_development|rag|historical_context,public|external_unapproved
ASP-P1-326062ED6C8D,file_inventory,file_inventory.csv,00_ADMIN/file_inventory.csv,C:\Users\jbc89\OneDrive\Pictures\바탕 화면\asperitas-agent\00_ADMIN\file_inventory.csv,326062ed6c8d21809d97318208e9b942713731599684afc1762853f612f4e553,13880,2026-06-09T17:56:22.607095+00:00,P1,internal,confidential,manual,,,2026-06-11,unknown,restricted,Default classification from source priority and repository path: confidential.,unknown,unverified,chunked,not_reviewed,not_applicable,00_ADMIN/file_inventory.csv,Registered local source file classified as P1/internal with confidential disclosure. Content claims require retrieval-level citation.,Document-Supported Fact,external_comm,strategy|science|compliance|market|fundraising|operations|agent_development|rag|historical_context,public|external_unapproved
ASP-P1-93361FE7F40A,metadata,metadata.csv,00_ADMIN/metadata.csv,C:\Users\jbc89\OneDrive\Pictures\바탕 화면\asperitas-agent\00_ADMIN\metadata.csv,93361fe7f40ab9b366d493da522fe58ea27560b62d25864fbb2dc322b88141ac,13900,2026-06-09T17:57:01.111101+00:00,P1,internal,confidential,manual,,,2026-06-11,unknown,restricted,Default classification from source priority and repository path: confidential.,unknown,unverified,chunked,not_reviewed,not_applicable,00_ADMIN/metadata.csv,Registered local source file classified as P1/internal with confidential disclosure. Content claims require retrieval-level citation.,Document-Supported Fact,external_comm,strategy|science|compliance|market|fundraising|operations|agent_development|rag|historical_context,public|external_unapproved
ASP-P1-B0B013EEA441,asperitas_agent_source_collection_manifest,asperitas_agent_source_collection_manifest.zip,00_ADMIN/source_manifests/asperitas_agent_source_collection_manifest.zip,C:\Users\jbc89\OneDrive\Pictures\바탕 화면\asperitas-agent\00_ADMIN\source_manifests\asperitas_agent_source_collection_manifest.zip,b0b013eea441ee4f8f78cd79249321a5af13f9ba640be41a9a9c542dd09ada04,74619,2026-06-09T15:57:36.752193+00:00,P1,internal,confidential,manual,,,2026-06-11,unknown,restricted,Default classification from source priority and repository path: confidential.,unknown,unverified,registered,not_reviewed,not_applicable,00_ADMIN/source_manifests/asperitas_agent_source_collection_manifest.zip,Registered local source file classified as P1/internal with confidential disclosure. Content claims require retrieval-level citation.,Document-Supported Fact,IP|external_comm,strategy|science|compliance|market|fundraising|operations|agent_development|rag|historical_context,public|external_unapproved
ASP-P1-89D5EFFDA6C1,asperitas_regulatory_sources_session_01_manifest_pack,asperitas_regulatory_sources_session_01_manifest_pack.zip,00_ADMIN/source_manifests/asperitas_regulatory_sources_session_01_manifest_pack.zip,C:\Users\jbc89\OneDrive\Pictures\바탕 화면\asperitas-agent\00_ADMIN\source_manifests\asperitas_regulatory_sources_session_01_manifest_pack.zip,89d5effda6c1d8337a8c91af1fa0c4d7cbff56d3380c6bc70d8765a67290e967,8249,2026-06-09T16:47:28.196908+00:00,P1,internal,confidential,manual,,,2026-06-11,unknown,restricted,Default classification from source priority and repository path: confidential.,unknown,unverified,registered,not_reviewed,not_applicable,00_ADMIN/source_manifests/asperitas_regulatory_sources_session_01_manifest_pack.zip,Registered local source file classified as P1/internal with confidential disclosure. Content claims require retrieval-level citation.,Document-Supported Fact,IP|external_comm,strategy|science|compliance|market|fundraising|operations|agent_development|rag|historical_context,public|external_unapproved
ASP-P1-A2C6B7DE58B4,source_priority_policy,source_priority_policy.md,00_ADMIN/source_priority_policy.md,C:\Users\jbc89\OneDrive\Pictures\바탕 화면\asperitas-agent\00_ADMIN\source_priority_policy.md,a2c6b7de58b427320d8930c1bcdd14320dad9d66e425149217c8c4f4a7b0f8b8,38138,2026-06-09T23:30:40.710652+00:00,P1,internal,confidential,manual,,,2026-06-11,unknown,restricted,Default classification from source priority and repository path: confidential.,unknown,unverified,chunked,not_reviewed,not_applicable,00_ADMIN/source_priority_policy.md,Registered local source file classified as P1/internal with confidential disclosure. Content claims require retrieval-level citation.,Document-Supported Fact,external_comm,strategy|science|compliance|market|fundraising|operations|agent_development|rag|historical_context,public|external_unapproved
ASP-P1-F4F47B7A1F20,asperitas_agent_source_registry_400plus,asperitas_agent_source_registry_400plus.csv,00_ADMIN/source_registries/asperitas_agent_source_registry_400plus.csv,C:\Users\jbc89\OneDrive\Pictures\바탕 화면\asperitas-agent\00_ADMIN\source_registries\asperitas_agent_source_registry_400plus.csv,f4f47b7a1f202bf7a8a8076649ae58f9b2dee2922bfb3e35d9bce217ebb2dd7f,195002,2026-06-09T15:57:34.941339+00:00,P1,internal,confidential,manual,,,2026-06-11,unknown,restricted,Default classification from source priority and repository path: confidential.,unknown,unverified,chunked,not_reviewed,not_applicable,00_ADMIN/source_registries/asperitas_agent_source_registry_400plus.csv,Registered local source file classified as P1/internal with confidential disclosure. Content claims require retrieval-level citation.,Document-Supported Fact,external_comm,strategy|science|compliance|market|fundraising|operations|agent_development|rag|historical_context,public|external_unapproved
ASP-P1-53DDD50B5BA9,asperitas_agent_source_registry_400plus,asperitas_agent_source_registry_400plus.xlsx,00_ADMIN/source_registries/asperitas_agent_source_registry_400plus.xlsx,C:\Users\jbc89\OneDrive\Pictures\바탕 화면\asperitas-agent\00_ADMIN\source_registries\asperitas_agent_source_registry_400plus.xlsx,53ddd50b5ba905e3686417b66e2b176bf9ac0850dd30a9fea6104f125b7c233a,55994,2026-06-09T15:57:28.362710+00:00,P1,internal,confidential,manual,,,2026-06-11,unknown,restricted,Default classification from source priority and repository path: confidential.,unknown,unverified,registered,not_reviewed,not_applicable,00_ADMIN/source_registries/asperitas_agent_source_registry_400plus.xlsx,Registered local source file classified as P1/internal with confidential disclosure. Content claims require retrieval-level citation.,Document-Supported Fact,external_comm,strategy|science|compliance|market|fundraising|operations|agent_development|rag|historical_context,public|external_unapproved
ASP-P1-AA8571E8C2CA,asperitas_codex_source_registry_382_targets,asperitas_codex_source_registry_382_targets.xlsx,00_ADMIN/source_registries/asperitas_codex_source_registry_382_targets.xlsx,C:\Users\jbc89\OneDrive\Pictures\바탕 화면\asperitas-agent\00_ADMIN\source_registries\asperitas_codex_source_registry_382_targets.xlsx,aa8571e8c2ca19f07344056ed8c7a76f8a0790c0c17fe0a35415333be679a034,337374,2026-06-09T15:53:54.255104+00:00,P1,internal,confidential,manual,,,2026-06-11,unknown,restricted,Default classification from source priority and repository path: confidential.,unknown,unverified,registered,not_reviewed,not_applicable,00_ADMIN/source_registries/asperitas_codex_source_registry_382_targets.xlsx,Registered local source file classified as P1/internal with confidential disclosure. Content claims require retrieval-level citation.,Document-Supported Fact,external_comm,strategy|science|compliance|market|fundraising|operations|agent_development|rag|historical_context,public|external_unapproved
ASP-P0-0EC15B71AE22,Asperitas Operating System v8.0 (2),Asperitas Operating System v8.0 (2).pdf,01_RAW_SOURCES/P0_ACTIVE_PROMPT/Asperitas Operating System v8.0 (2).pdf,C:\Users\jbc89\OneDrive\Pictures\바탕 화면\asperitas-agent\01_RAW_SOURCES\P0_ACTIVE_PROMPT\Asperitas Operating System v8.0 (2).pdf,0ec15b71ae22f419db67a640975deef4cabcc764772b4487fa6063ab00910d70,413065,2026-06-08T17:23:27.199195+00:00,P0,prompt,restricted,uploaded,,,2026-06-11,unknown,restricted,Default classification from source priority and repository path: restricted.,unknown,partially_verified,chunked,not_reviewed,not_applicable,01_RAW_SOURCES/P0_ACTIVE_PROMPT/Asperitas Operating System v8.0 (2).pdf,Registered local source file classified as P0/prompt with restricted disclosure. Content claims require retrieval-level citation.,Document-Supported Fact,external_comm,agent_development|operations|rag|historical_context,public|external_unapproved
ASP-P0-1C948A1A1B92,Asperitas Operating System v9.0,Asperitas Operating System v9.0.pdf,01_RAW_SOURCES/P0_ACTIVE_PROMPT/Asperitas Operating System v9.0.pdf,C:\Users\jbc89\OneDrive\Pictures\바탕 화면\asperitas-agent\01_RAW_SOURCES\P0_ACTIVE_PROMPT\Asperitas Operating System v9.0.pdf,1c948a1a1b9203aa0874fea20d5c66b02a75b05358819c352903419e63fd69aa,427794,2026-06-08T17:23:29.434886+00:00,P0,prompt,restricted,uploaded,,,2026-06-11,unknown,restricted,Default classification from source priority and repository path: restricted.,unknown,partially_verified,chunked,not_reviewed,not_applicable,01_RAW_SOURCES/P0_ACTIVE_PROMPT/Asperitas Operating System v9.0.pdf,Registered local source file classified as P0/prompt with restricted disclosure. Content claims require retrieval-level citation.,Document-Supported Fact,external_comm,agent_development|operations|rag|historical_context,public|external_unapproved
ASP-P0-2E37CA74827B,Asperitas_AOS_v10_0_Prompt,Asperitas_AOS_v10_0_Prompt.pdf,01_RAW_SOURCES/P0_ACTIVE_PROMPT/Asperitas_AOS_v10_0_Prompt.pdf,C:\Users\jbc89\OneDrive\Pictures\바탕 화면\asperitas-agent\01_RAW_SOURCES\P0_ACTIVE_PROMPT\Asperitas_AOS_v10_0_Prompt.pdf,2e37ca74827bb5e0e64f961f87df05ecd1f2181439755690926779b2b93e818b,321455,2026-06-09T15:24:44.346836+00:00,P0,prompt,restricted,uploaded,,,2026-06-11,unknown,restricted,Default classification from source priority and repository path: restricted.,unknown,partially_verified,chunked,not_reviewed,not_applicable,01_RAW_SOURCES/P0_ACTIVE_PROMPT/Asperitas_AOS_v10_0_Prompt.pdf,Registered local source file classified as P0/prompt with restricted disclosure. Content claims require retrieval-level citation.,Document-Supported Fact,external_comm,agent_development|operations|rag|historical_context,public|external_unapproved
ASP-P0-0B45C6C438A3,Asperitas_AOS_v10_2_Universal_AI_Tool_Master_Prompt,Asperitas_AOS_v10_2_Universal_AI_Tool_Master_Prompt.md,01_RAW_SOURCES/P0_ACTIVE_PROMPT/Asperitas_AOS_v10_2_Universal_AI_Tool_Master_Prompt.md,C:\Users\jbc89\OneDrive\Pictures\바탕 화면\asperitas-agent\01_RAW_SOURCES\P0_ACTIVE_PROMPT\Asperitas_AOS_v10_2_Universal_AI_Tool_Master_Prompt.md,0b45c6c438a36bee835f58daf1c641827709c16c234e6709e79e81df44a8c70f,1505,2026-06-09T17:08:00.859821+00:00,P0,prompt,restricted,uploaded,,,2026-06-11,unknown,restricted,Default classification from source priority and repository path: restricted.,unknown,partially_verified,chunked,not_reviewed,not_applicable,01_RAW_SOURCES/P0_ACTIVE_PROMPT/Asperitas_AOS_v10_2_Universal_AI_Tool_Master_Prompt.md,Registered local source file classified as P0/prompt with restricted disclosure. Content claims require retrieval-level citation.,Document-Supported Fact,external_comm,agent_development|operations|rag|historical_context,public|external_unapproved
ASP-P0-30B348BF8B7F,Asperitas_AOS_v10_2_Universal_Prompt_And_Codex_Agent_Constitution,Asperitas_AOS_v10_2_Universal_Prompt_And_Codex_Agent_Constitution.pdf,01_RAW_SOURCES/P0_ACTIVE_PROMPT/Asperitas_AOS_v10_2_Universal_Prompt_And_Codex_Agent_Constitution.pdf,C:\Users\jbc89\OneDrive\Pictures\바탕 화면\asperitas-agent\01_RAW_SOURCES\P0_ACTIVE_PROMPT\Asperitas_AOS_v10_2_Universal_Prompt_And_Codex_Agent_Constitution.pdf,30b348bf8b7fd9d4340d37f141041c5374a8073df888af420359d20404758e10,160189,2026-06-09T17:07:57.497569+00:00,P0,prompt,restricted,uploaded,,,2026-06-11,unknown,restricted,Default classification from source priority and repository path: restricted.,unknown,partially_verified,chunked,not_reviewed,not_applicable,01_RAW_SOURCES/P0_ACTIVE_PROMPT/Asperitas_AOS_v10_2_Universal_Prompt_And_Codex_Agent_Constitution.pdf,Registered local source file classified as P0/prompt with restricted disclosure. Content claims require retrieval-level citation.,Document-Supported Fact,external_comm,agent_development|operations|rag|historical_context,public|external_unapproved
ASP-P0-593FAD23CB9A,Asperitas_AOS_v10_3_Codex_AGENTS,Asperitas_AOS_v10_3_Codex_AGENTS.md,01_RAW_SOURCES/P0_ACTIVE_PROMPT/Asperitas_AOS_v10_3_Codex_AGENTS.md,C:\Users\jbc89\OneDrive\Pictures\바탕 화면\asperitas-agent\01_RAW_SOURCES\P0_ACTIVE_PROMPT\Asperitas_AOS_v10_3_Codex_AGENTS.md,593fad23cb9a0e00d4425ba8bee6c4b623ede6138cdee3f1c9dfc2c6101787ef,2668,2026-06-09T17:08:11.298420+00:00,P0,prompt,restricted,uploaded,,,2026-06-11,unknown,restricted,Default classification from source priority and repository path: restricted.,unknown,partially_verified,chunked,not_reviewed,not_applicable,01_RAW_SOURCES/P0_ACTIVE_PROMPT/Asperitas_AOS_v10_3_Codex_AGENTS.md,Registered local source file classified as P0/prompt with restricted disclosure. Content claims require retrieval-level citation.,Document-Supported Fact,external_comm,agent_development|operations|rag|historical_context,public|external_unapproved
ASP-P0-2957F6A2A0C4,Asperitas_AOS_v10_3_Master_Format_Advanced_Prompt_Constitution,Asperitas_AOS_v10_3_Master_Format_Advanced_Prompt_Constitution.pdf,01_RAW_SOURCES/P0_ACTIVE_PROMPT/Asperitas_AOS_v10_3_Master_Format_Advanced_Prompt_Constitution.pdf,C:\Users\jbc89\OneDrive\Pictures\바탕 화면\asperitas-agent\01_RAW_SOURCES\P0_ACTIVE_PROMPT\Asperitas_AOS_v10_3_Master_Format_Advanced_Prompt_Constitution.pdf,2957f6a2a0c42e3efee200c163787113ef7a0a2505e3d8fb85bcbfdf2cb53075,55215,2026-06-09T17:08:05.738642+00:00,P0,prompt,restricted,uploaded,,,2026-06-11,unknown,restricted,Default classification from source priority and repository path: restricted.,unknown,partially_verified,chunked,not_reviewed,not_applicable,01_RAW_SOURCES/P0_ACTIVE_PROMPT/Asperitas_AOS_v10_3_Master_Format_Advanced_Prompt_Constitution.pdf,Registered local source file classified as P0/prompt with restricted disclosure. Content claims require retrieval-level citation.,Document-Supported Fact,external_comm,agent_development|operations|rag|historical_context,public|external_unapproved
ASP-P0-984903424FEE,Asperitas_AOS_v10_3_Universal_AI_Tool_Master_Prompt,Asperitas_AOS_v10_3_Universal_AI_Tool_Master_Prompt.md,01_RAW_SOURCES/P0_ACTIVE_PROMPT/Asperitas_AOS_v10_3_Universal_AI_Tool_Master_Prompt.md,C:\Users\jbc89\OneDrive\Pictures\바탕 화면\asperitas-agent\01_RAW_SOURCES\P0_ACTIVE_PROMPT\Asperitas_AOS_v10_3_Universal_AI_Tool_Master_Prompt.md,984903424feeec5c5949d1d3a2b5861e6f4968c5db64599a7d6c177196aec8a6,15297,2026-06-09T17:08:08.757392+00:00,P0,prompt,restricted,uploaded,,,2026-06-11,unknown,restricted,Default classification from source priority and repository path: restricted.,unknown,partially_verified,chunked,not_reviewed,not_applicable,01_RAW_SOURCES/P0_ACTIVE_PROMPT/Asperitas_AOS_v10_3_Universal_AI_Tool_Master_Prompt.md,Registered local source file classified as P0/prompt with restricted disclosure. Content claims require retrieval-level citation.,Document-Supported Fact,external_comm,agent_development|operations|rag|historical_context,public|external_unapproved
ASP-P0-6AC9A18AADEF,Asperitas_Codex_AI_Agent_Build_Guidebook_v1.0,Asperitas_Codex_AI_Agent_Build_Guidebook_v1.0.pdf,01_RAW_SOURCES/P0_ACTIVE_PROMPT/Asperitas_Codex_AI_Agent_Build_Guidebook_v1.0.pdf,C:\Users\jbc89\OneDrive\Pictures\바탕 화면\asperitas-agent\01_RAW_SOURCES\P0_ACTIVE_PROMPT\Asperitas_Codex_AI_Agent_Build_Guidebook_v1.0.pdf,6ac9a18aadeff68e44978c071673d56d5c7dbbb82f2d560f20222472751989e3,571765,2026-06-09T15:53:21.317628+00:00,P0,prompt,restricted,uploaded,,,2026-06-11,unknown,restricted,Default classification from source priority and repository path: restricted.,unknown,partially_verified,chunked,not_reviewed,not_applicable,01_RAW_SOURCES/P0_ACTIVE_PROMPT/Asperitas_Codex_AI_Agent_Build_Guidebook_v1.0.pdf,Registered local source file classified as P0/prompt with restricted disclosure. Content claims require retrieval-level citation.,Document-Supported Fact,external_comm,agent_development|operations|rag|historical_context,public|external_unapproved
ASP-P0-DAF4591D3E47,Asperitas_Codex_Master_Constitution_DB_Integration_Guide_v1_2,Asperitas_Codex_Master_Constitution_DB_Integration_Guide_v1_2.pdf,01_RAW_SOURCES/P0_ACTIVE_PROMPT/Asperitas_Codex_Master_Constitution_DB_Integration_Guide_v1_2.pdf,C:\Users\jbc89\OneDrive\Pictures\바탕 화면\asperitas-agent\01_RAW_SOURCES\P0_ACTIVE_PROMPT\Asperitas_Codex_Master_Constitution_DB_Integration_Guide_v1_2.pdf,daf4591d3e475b03378b4c6e649107dec387ba3cee9c7be40848345364a4d6aa,430222,2026-06-09T16:42:39.839031+00:00,P0,prompt,restricted,uploaded,,,2026-06-11,unknown,restricted,Default classification from source priority and repository path: restricted.,unknown,partially_verified,chunked,not_reviewed,not_applicable,01_RAW_SOURCES/P0_ACTIVE_PROMPT/Asperitas_Codex_Master_Constitution_DB_Integration_Guide_v1_2.pdf,Registered local source file classified as P0/prompt with restricted disclosure. Content claims require retrieval-level citation.,Document-Supported Fact,external_comm,agent_development|operations|rag|historical_context,public|external_unapproved
ASP-P0-244ACC5594B8,P0_ACTIVE_PROMPT_MASTER_CONSTITUTION,P0_ACTIVE_PROMPT_MASTER_CONSTITUTION.pdf,01_RAW_SOURCES/P0_ACTIVE_PROMPT/P0_ACTIVE_PROMPT_MASTER_CONSTITUTION.pdf,C:\Users\jbc89\OneDrive\Pictures\바탕 화면\asperitas-agent\01_RAW_SOURCES\P0_ACTIVE_PROMPT\P0_ACTIVE_PROMPT_MASTER_CONSTITUTION.pdf,244acc5594b85328bf0957e7ee645ef4f729d03a5be687222f28bbae272e8363,959899,2026-06-09T15:36:33.080114+00:00,P0,prompt,restricted,uploaded,,,2026-06-11,unknown,restricted,Default classification from source priority and repository path: restricted.,unknown,partially_verified,chunked,not_reviewed,not_applicable,01_RAW_SOURCES/P0_ACTIVE_PROMPT/P0_ACTIVE_PROMPT_MASTER_CONSTITUTION.pdf,Registered local source file classified as P0/prompt with restricted disclosure. Content claims require retrieval-level citation.,Document-Supported Fact,external_comm,agent_development|operations|rag|historical_context,public|external_unapproved
ASP-P1-BEDC13A26B09,(2019) 합성생물학 기반의 유전자회로 연구동향 (1),(2019) 합성생물학 기반의 유전자회로 연구동향 (1).pdf,01_RAW_SOURCES/P1_ASPERITAS_INTERNAL/(2019) 합성생물학 기반의 유전자회로 연구동향 (1).pdf,C:\Users\jbc89\OneDrive\Pictures\바탕 화면\asperitas-agent\01_RAW_SOURCES\P1_ASPERITAS_INTERNAL\(2019) 합성생물학 기반의 유전자회로 연구동향 (1).pdf,bedc13a26b09719b8c0f383d0d9fdce98ef4277defc6261e0f1881676fcd7403,914271,2026-06-06T15:53:25.067928+00:00,P1,internal,confidential,uploaded,,,2026-06-11,unknown,restricted,Default classification from source priority and repository path: confidential.,unknown,unverified,chunked,not_reviewed,not_applicable,01_RAW_SOURCES/P1_ASPERITAS_INTERNAL/(2019) 합성생물학 기반의 유전자회로 연구동향 (1).pdf,Registered local source file classified as P1/internal with confidential disclosure. Content claims require retrieval-level citation.,Document-Supported Fact,biosafety|external_comm,strategy|science|compliance|market|fundraising|operations|agent_development|rag|historical_context,public|external_unapproved
ASP-P1-54B7A02FC9E3,(2021) 합성생물학과 화이트바이오 산업,(2021) 합성생물학과 화이트바이오 산업.pdf,01_RAW_SOURCES/P1_ASPERITAS_INTERNAL/(2021) 합성생물학과 화이트바이오 산업.pdf,C:\Users\jbc89\OneDrive\Pictures\바탕 화면\asperitas-agent\01_RAW_SOURCES\P1_ASPERITAS_INTERNAL\(2021) 합성생물학과 화이트바이오 산업.pdf,54b7a02fc9e398b370cc376cb9e27a06ae54b4bf1d19a7c36e3425da8642a4ca,581984,2026-06-06T15:53:24.569217+00:00,P1,internal,confidential,uploaded,,,2026-06-11,unknown,restricted,Default classification from source priority and repository path: confidential.,unknown,unverified,chunked,not_reviewed,not_applicable,01_RAW_SOURCES/P1_ASPERITAS_INTERNAL/(2021) 합성생물학과 화이트바이오 산업.pdf,Registered local source file classified as P1/internal with confidential disclosure. Content claims require retrieval-level citation.,Document-Supported Fact,biosafety|external_comm,strategy|science|compliance|market|fundraising|operations|agent_development|rag|historical_context,public|external_unapproved
ASP-P1-2661B9CCE07A,(2023) 합성생물학 기반 신약개발 현황 및 전망,(2023) 합성생물학 기반 신약개발 현황 및 전망.pdf,01_RAW_SOURCES/P1_ASPERITAS_INTERNAL/(2023) 합성생물학 기반 신약개발 현황 및 전망.pdf,C:\Users\jbc89\OneDrive\Pictures\바탕 화면\asperitas-agent\01_RAW_SOURCES\P1_ASPERITAS_INTERNAL\(2023) 합성생물학 기반 신약개발 현황 및 전망.pdf,2661b9cce07a2d80682741764e684520f07159c68ef97e51e50f9396865cbc0e,1622907,2026-06-06T15:53:23.934561+00:00,P1,internal,confidential,uploaded,,,2026-06-11,unknown,restricted,Default classification from source priority and repository path: confidential.,unknown,unverified,chunked,not_reviewed,not_applicable,01_RAW_SOURCES/P1_ASPERITAS_INTERNAL/(2023) 합성생물학 기반 신약개발 현황 및 전망.pdf,Registered local source file classified as P1/internal with confidential disclosure. Content claims require retrieval-level citation.,Document-Supported Fact,biosafety|external_comm,strategy|science|compliance|market|fundraising|operations|agent_development|rag|historical_context,public|external_unapproved
ASP-P1-9CCAAC91F5FD,(2023) 합성생물학 핵심기술 및 활용 현황,(2023) 합성생물학 핵심기술 및 활용 현황.pdf,01_RAW_SOURCES/P1_ASPERITAS_INTERNAL/(2023) 합성생물학 핵심기술 및 활용 현황.pdf,C:\Users\jbc89\OneDrive\Pictures\바탕 화면\asperitas-agent\01_RAW_SOURCES\P1_ASPERITAS_INTERNAL\(2023) 합성생물학 핵심기술 및 활용 현황.pdf,9ccaac91f5fdcc0c5d7a9c76e909d0c1311ed0d60145485fa69afa280e53b5d8,1669697,2026-06-06T15:53:23.436347+00:00,P1,internal,confidential,uploaded,,,2026-06-11,unknown,restricted,Default classification from source priority and repository path: confidential.,unknown,unverified,chunked,not_reviewed,not_applicable,01_RAW_SOURCES/P1_ASPERITAS_INTERNAL/(2023) 합성생물학 핵심기술 및 활용 현황.pdf,Registered local source file classified as P1/internal with confidential disclosure. Content claims require retrieval-level citation.,Document-Supported Fact,biosafety|external_comm,strategy|science|compliance|market|fundraising|operations|agent_development|rag|historical_context,public|external_unapproved
ASP-P1-2EF229F8409A,(2024) 바이오파운드리 구축,(2024) 바이오파운드리 구축.pdf,01_RAW_SOURCES/P1_ASPERITAS_INTERNAL/(2024) 바이오파운드리 구축.pdf,C:\Users\jbc89\OneDrive\Pictures\바탕 화면\asperitas-agent\01_RAW_SOURCES\P1_ASPERITAS_INTERNAL\(2024) 바이오파운드리 구축.pdf,2ef229f8409abc8b197b88658378694d4da8addfa2769c2f496e3f0f555ba7b1,1473928,2026-06-06T15:52:55.974385+00:00,P1,internal,confidential,uploaded,,,2026-06-11,unknown,restricted,Default classification from source priority and repository path: confidential.,unknown,unverified,chunked,not_reviewed,not_applicable,01_RAW_SOURCES/P1_ASPERITAS_INTERNAL/(2024) 바이오파운드리 구축.pdf,Registered local source file classified as P1/internal with confidential disclosure. Content claims require retrieval-level citation.,Document-Supported Fact,external_comm,strategy|science|compliance|market|fundraising|operations|agent_development|rag|historical_context,public|external_unapproved
ASP-P1-1C75CD8048C3,(2025) 무세포 합성생물학의 연구개발 동향 및 전망,(2025) 무세포 합성생물학의 연구개발 동향 및 전망.pdf,01_RAW_SOURCES/P1_ASPERITAS_INTERNAL/(2025) 무세포 합성생물학의 연구개발 동향 및 전망.pdf,C:\Users\jbc89\OneDrive\Pictures\바탕 화면\asperitas-agent\01_RAW_SOURCES\P1_ASPERITAS_INTERNAL\(2025) 무세포 합성생물학의 연구개발 동향 및 전망.pdf,1c75cd8048c38e6fa5bc16278ab1ba7efcdf706fa281acf17ab5210fa4aeeb3b,672140,2026-06-06T15:52:55.278779+00:00,P1,internal,confidential,uploaded,,,2026-06-11,unknown,restricted,Default classification from source priority and repository path: confidential.,unknown,unverified,chunked,not_reviewed,not_applicable,01_RAW_SOURCES/P1_ASPERITAS_INTERNAL/(2025) 무세포 합성생물학의 연구개발 동향 및 전망.pdf,Registered local source file classified as P1/internal with confidential disclosure. Content claims require retrieval-level citation.,Document-Supported Fact,biosafety|external_comm,strategy|science|compliance|market|fundraising|operations|agent_development|rag|historical_context,public|external_unapproved
ASP-P1-190A43AA9BFD,(2025) 합성생물학 발전에 따른 LMO 규제 동향,(2025) 합성생물학 발전에 따른 LMO 규제 동향.pdf,01_RAW_SOURCES/P1_ASPERITAS_INTERNAL/(2025) 합성생물학 발전에 따른 LMO 규제 동향.pdf,C:\Users\jbc89\OneDrive\Pictures\바탕 화면\asperitas-agent\01_RAW_SOURCES\P1_ASPERITAS_INTERNAL\(2025) 합성생물학 발전에 따른 LMO 규제 동향.pdf,190a43aa9bfd2e4a67e5e19ecdf7586b3017985cf1b5899afcedcf8bff2353b9,697441,2026-06-06T15:52:54.549304+00:00,P1,internal,confidential,uploaded,,,2026-06-11,KR,restricted,Default classification from source priority and repository path: confidential.,unknown,unverified,chunked,not_reviewed,not_applicable,01_RAW_SOURCES/P1_ASPERITAS_INTERNAL/(2025) 합성생물학 발전에 따른 LMO 규제 동향.pdf,Registered local source file classified as P1/internal with confidential disclosure. Content claims require retrieval-level citation.,Document-Supported Fact,LMO|biosafety|external_comm|legal,strategy|science|compliance|market|fundraising|operations|agent_development|rag|historical_context,public|external_unapproved
ASP-P1-EEFEE57E298A,(2025) 합성생물학 분야 기술경쟁력 및 정부 R&D 투자현황 분석,(2025) 합성생물학 분야 기술경쟁력 및 정부 R&D 투자현황 분석.pdf,01_RAW_SOURCES/P1_ASPERITAS_INTERNAL/(2025) 합성생물학 분야 기술경쟁력 및 정부 R&D 투자현황 분석.pdf,C:\Users\jbc89\OneDrive\Pictures\바탕 화면\asperitas-agent\01_RAW_SOURCES\P1_ASPERITAS_INTERNAL\(2025) 합성생물학 분야 기술경쟁력 및 정부 R&D 투자현황 분석.pdf,eefee57e298a48f4cd8bcec9ef7c49a04508ad2ad9807faaaae306cb6705fe0a,2648878,2026-06-06T15:52:54.342251+00:00,P1,internal,confidential,uploaded,,,2026-06-11,KR,restricted,Default classification from source priority and repository path: confidential.,unknown,unverified,chunked,not_reviewed,not_applicable,01_RAW_SOURCES/P1_ASPERITAS_INTERNAL/(2025) 합성생물학 분야 기술경쟁력 및 정부 R&D 투자현황 분석.pdf,Registered local source file classified as P1/internal with confidential disclosure. Content claims require retrieval-level citation.,Document-Supported Fact,biosafety|external_comm|financial|legal,strategy|science|compliance|market|fundraising|operations|agent_development|rag|historical_context,public|external_unapproved
ASP-P1-DE30C915A4C4,(2025) 합성생물학 육성법의 주요 내용 및 시사점 (1),(2025) 합성생물학 육성법의 주요 내용 및 시사점 (1).pdf,01_RAW_SOURCES/P1_ASPERITAS_INTERNAL/(2025) 합성생물학 육성법의 주요 내용 및 시사점 (1).pdf,C:\Users\jbc89\OneDrive\Pictures\바탕 화면\asperitas-agent\01_RAW_SOURCES\P1_ASPERITAS_INTERNAL\(2025) 합성생물학 육성법의 주요 내용 및 시사점 (1).pdf,de30c915a4c443e18ea77f23a5b7340306c4b8bb4be27ce76e73ebc5d5a06209,701500,2026-06-06T15:52:31.637441+00:00,P1,internal,confidential,uploaded,,,2026-06-11,unknown,restricted,Default classification from source priority and repository path: confidential.,unknown,unverified,chunked,not_reviewed,not_applicable,01_RAW_SOURCES/P1_ASPERITAS_INTERNAL/(2025) 합성생물학 육성법의 주요 내용 및 시사점 (1).pdf,Registered local source file classified as P1/internal with confidential disclosure. Content claims require retrieval-level citation.,Document-Supported Fact,biosafety|external_comm|legal,strategy|science|compliance|market|fundraising|operations|agent_development|rag|historical_context,public|external_unapproved
ASP-P1-41207603F671,(2025) 합성생물학을 중심으로 국가 바이오 경쟁력 (1),(2025) 합성생물학을 중심으로 국가 바이오 경쟁력 (1).pdf,01_RAW_SOURCES/P1_ASPERITAS_INTERNAL/(2025) 합성생물학을 중심으로 국가 바이오 경쟁력 (1).pdf,C:\Users\jbc89\OneDrive\Pictures\바탕 화면\asperitas-agent\01_RAW_SOURCES\P1_ASPERITAS_INTERNAL\(2025) 합성생물학을 중심으로 국가 바이오 경쟁력 (1).pdf,41207603f6715bb823cc4831e633af0204223d2eac49ece5d02adce333ac7280,1337895,2026-06-06T15:52:20.632432+00:00,P1,internal,confidential,uploaded,,,2026-06-11,unknown,restricted,Default classification from source priority and repository path: confidential.,unknown,unverified,chunked,not_reviewed,not_applicable,01_RAW_SOURCES/P1_ASPERITAS_INTERNAL/(2025) 합성생물학을 중심으로 국가 바이오 경쟁력 (1).pdf,Registered local source file classified as P1/internal with confidential disclosure. Content claims require retrieval-level citation.,Document-Supported Fact,biosafety|external_comm,strategy|science|compliance|market|fundraising|operations|agent_development|rag|historical_context,public|external_unapproved
ASP-P1-E4383E924259,(2025) 합성생물학을 활용한 미생물-전극 간 전자 흐름의 재설계,(2025) 합성생물학을 활용한 미생물-전극 간 전자 흐름의 재설계.pdf,01_RAW_SOURCES/P1_ASPERITAS_INTERNAL/(2025) 합성생물학을 활용한 미생물-전극 간 전자 흐름의 재설계.pdf,C:\Users\jbc89\OneDrive\Pictures\바탕 화면\asperitas-agent\01_RAW_SOURCES\P1_ASPERITAS_INTERNAL\(2025) 합성생물학을 활용한 미생물-전극 간 전자 흐름의 재설계.pdf,e4383e9242595d8b0904d7cf22bbacab3c1edf1a9f7b857c3e7044e40c54fc52,751372,2026-06-06T15:57:40.251037+00:00,P1,internal,confidential,uploaded,,,2026-06-11,unknown,restricted,Default classification from source priority and repository path: confidential.,unknown,unverified,chunked,not_reviewed,not_applicable,01_RAW_SOURCES/P1_ASPERITAS_INTERNAL/(2025) 합성생물학을 활용한 미생물-전극 간 전자 흐름의 재설계.pdf,Registered local source file classified as P1/internal with confidential disclosure. Content claims require retrieval-level citation.,Document-Supported Fact,biosafety|external_comm,strategy|science|compliance|market|fundraising|operations|agent_development|rag|historical_context,public|external_unapproved
ASP-P1-3329582A40E4,(2025) 합성생물학을 활용한 항생제 개발 연구 동향,(2025) 합성생물학을 활용한 항생제 개발 연구 동향.pdf,01_RAW_SOURCES/P1_ASPERITAS_INTERNAL/(2025) 합성생물학을 활용한 항생제 개발 연구 동향.pdf,C:\Users\jbc89\OneDrive\Pictures\바탕 화면\asperitas-agent\01_RAW_SOURCES\P1_ASPERITAS_INTERNAL\(2025) 합성생물학을 활용한 항생제 개발 연구 동향.pdf,3329582a40e4ecce996ee5fad5cd1028806533a456ed034662cfc7ad51e4320e,992912,2026-06-06T15:52:19.780665+00:00,P1,internal,confidential,uploaded,,,2026-06-11,unknown,restricted,Default classification from source priority and repository path: confidential.,unknown,unverified,chunked,not_reviewed,not_applicable,01_RAW_SOURCES/P1_ASPERITAS_INTERNAL/(2025) 합성생물학을 활용한 항생제 개발 연구 동향.pdf,Registered local source file classified as P1/internal with confidential disclosure. Content claims require retrieval-level citation.,Document-Supported Fact,biosafety|biosecurity|external_comm,strategy|science|compliance|market|fundraising|operations|agent_development|rag|historical_context,public|external_unapproved
ASP-P1-789A9BC70987,(2025) 합성생물학의 정책 과제와 혁신 기회,(2025) 합성생물학의 정책 과제와 혁신 기회.pdf,01_RAW_SOURCES/P1_ASPERITAS_INTERNAL/(2025) 합성생물학의 정책 과제와 혁신 기회.pdf,C:\Users\jbc89\OneDrive\Pictures\바탕 화면\asperitas-agent\01_RAW_SOURCES\P1_ASPERITAS_INTERNAL\(2025) 합성생물학의 정책 과제와 혁신 기회.pdf,789a9bc70987fbe10ef196895b4822d8cacb5ea67f775662d73be89456a693e0,9850128,2026-06-06T15:51:58.261956+00:00,P1,internal,confidential,uploaded,,,2026-06-11,unknown,restricted,Default classification from source priority and repository path: confidential.,unknown,unverified,chunked,not_reviewed,not_applicable,01_RAW_SOURCES/P1_ASPERITAS_INTERNAL/(2025) 합성생물학의 정책 과제와 혁신 기회.pdf,Registered local source file classified as P1/internal with confidential disclosure. Content claims require retrieval-level citation.,Document-Supported Fact,biosafety|external_comm,strategy|science|compliance|market|fundraising|operations|agent_development|rag|historical_context,public|external_unapproved
ASP-P1-B078CE717045,(2025)합성생물학 성장 전략과 정책 고려사항,(2025)합성생물학 성장 전략과 정책 고려사항.pdf,01_RAW_SOURCES/P1_ASPERITAS_INTERNAL/(2025)합성생물학 성장 전략과 정책 고려사항.pdf,C:\Users\jbc89\OneDrive\Pictures\바탕 화면\asperitas-agent\01_RAW_SOURCES\P1_ASPERITAS_INTERNAL\(2025)합성생물학 성장 전략과 정책 고려사항.pdf,b078ce7170458e983852515de6d245ad228b473a5af463fc832a24dc98b744db,995269,2026-06-06T15:51:54.515762+00:00,P1,internal,confidential,uploaded,,,2026-06-11,unknown,restricted,Default classification from source priority and repository path: confidential.,unknown,unverified,chunked,not_reviewed,not_applicable,01_RAW_SOURCES/P1_ASPERITAS_INTERNAL/(2025)합성생물학 성장 전략과 정책 고려사항.pdf,Registered local source file classified as P1/internal with confidential disclosure. Content claims require retrieval-level citation.,Document-Supported Fact,biosafety|external_comm,strategy|science|compliance|market|fundraising|operations|agent_development|rag|historical_context,public|external_unapproved
ASP-P1-BC52A32EC6C6,(2026) 2026-2036 글로벌 합성생물학 시장 전망 (1),(2026) 2026-2036 글로벌 합성생물학 시장 전망 (1).pdf,01_RAW_SOURCES/P1_ASPERITAS_INTERNAL/(2026) 2026-2036 글로벌 합성생물학 시장 전망 (1).pdf,C:\Users\jbc89\OneDrive\Pictures\바탕 화면\asperitas-agent\01_RAW_SOURCES\P1_ASPERITAS_INTERNAL\(2026) 2026-2036 글로벌 합성생물학 시장 전망 (1).pdf,bc52a32ec6c6ded30dbeac2eea5ef937b25cf8325fe7f849440c8b6d9b10fb5d,908307,2026-06-04T11:55:57.583038+00:00,P1,internal,confidential,uploaded,,,2026-06-11,GLOBAL,restricted,Default classification from source priority and repository path: confidential.,unknown,unverified,chunked,not_reviewed,not_applicable,01_RAW_SOURCES/P1_ASPERITAS_INTERNAL/(2026) 2026-2036 글로벌 합성생물학 시장 전망 (1).pdf,Registered local source file classified as P1/internal with confidential disclosure. Content claims require retrieval-level citation.,Document-Supported Fact,biosafety|external_comm|financial,strategy|science|compliance|market|fundraising|operations|agent_development|rag|historical_context,public|external_unapproved
ASP-P1-DAFD5D28444F,(2026) CRISPR_합성생물학 융합 설계 전략,(2026) CRISPR_합성생물학 융합 설계 전략.pdf,01_RAW_SOURCES/P1_ASPERITAS_INTERNAL/(2026) CRISPR_합성생물학 융합 설계 전략.pdf,C:\Users\jbc89\OneDrive\Pictures\바탕 화면\asperitas-agent\01_RAW_SOURCES\P1_ASPERITAS_INTERNAL\(2026) CRISPR_합성생물학 융합 설계 전략.pdf,dafd5d28444f9320f6e8d66e9b6453736a1ebfb56b46af2a7632ecbbfb5e8f86,576933,2026-06-06T15:51:51.425662+00:00,P1,internal,confidential,uploaded,,,2026-06-11,unknown,restricted,Default classification from source priority and repository path: confidential.,unknown,unverified,chunked,not_reviewed,not_applicable,01_RAW_SOURCES/P1_ASPERITAS_INTERNAL/(2026) CRISPR_합성생물학 융합 설계 전략.pdf,Registered local source file classified as P1/internal with confidential disclosure. Content claims require retrieval-level citation.,Document-Supported Fact,biosafety|external_comm,strategy|science|compliance|market|fundraising|operations|agent_development|rag|historical_context,public|external_unapproved
ASP-P1-4F7A3B66A501,(2026) 합성생물학 4P 분석,(2026) 합성생물학 4P 분석.pdf,01_RAW_SOURCES/P1_ASPERITAS_INTERNAL/(2026) 합성생물학 4P 분석.pdf,C:\Users\jbc89\OneDrive\Pictures\바탕 화면\asperitas-agent\01_RAW_SOURCES\P1_ASPERITAS_INTERNAL\(2026) 합성생물학 4P 분석.pdf,4f7a3b66a50159c9b390569efe4b5c828245e5f098fe8c5a36da1b59d5df1367,15289969,2026-06-06T15:51:53.404579+00:00,P1,internal,confidential,uploaded,,,2026-06-11,unknown,restricted,Default classification from source priority and repository path: confidential.,unknown,unverified,chunked,not_reviewed,not_applicable,01_RAW_SOURCES/P1_ASPERITAS_INTERNAL/(2026) 합성생물학 4P 분석.pdf,Registered local source file classified as P1/internal with confidential disclosure. Content claims require retrieval-level citation.,Document-Supported Fact,biosafety|external_comm,strategy|science|compliance|market|fundraising|operations|agent_development|rag|historical_context,public|external_unapproved
ASP-P1-3782379CF4C3,2026 PTMC project,2026 PTMC project.pptx,01_RAW_SOURCES/P1_ASPERITAS_INTERNAL/2026 PTMC project.pptx,C:\Users\jbc89\OneDrive\Pictures\바탕 화면\asperitas-agent\01_RAW_SOURCES\P1_ASPERITAS_INTERNAL\2026 PTMC project.pptx,3782379cf4c34f7cbd19e33a90a6cad44b7770f7e8dea1a18a912f4191deeb9e,9462302,2026-06-02T14:11:31.544201+00:00,P1,internal,confidential,uploaded,,,2026-06-11,unknown,restricted,Default classification from source priority and repository path: confidential.,unknown,unverified,chunked,not_reviewed,not_applicable,01_RAW_SOURCES/P1_ASPERITAS_INTERNAL/2026 PTMC project.pptx,Registered local source file classified as P1/internal with confidential disclosure. Content claims require retrieval-level citation.,Document-Supported Fact,external_comm,strategy|science|compliance|market|fundraising|operations|agent_development|rag|historical_context,public|external_unapproved
ASP-P1-8A80784F1718,AI X Business Strategy,AI X Business Strategy.hwpx,01_RAW_SOURCES/P1_ASPERITAS_INTERNAL/AI X Business Strategy.hwpx,C:\Users\jbc89\OneDrive\Pictures\바탕 화면\asperitas-agent\01_RAW_SOURCES\P1_ASPERITAS_INTERNAL\AI X Business Strategy.hwpx,8a80784f171812fb69019a9c89a5884a319a78a668802e5ec379a06592e1af3a,283930,2026-06-02T11:43:09.160079+00:00,P1,internal,confidential,uploaded,,,2026-06-11,unknown,restricted,Default classification from source priority and repository path: confidential.,unknown,unverified,chunked,not_reviewed,not_applicable,01_RAW_SOURCES/P1_ASPERITAS_INTERNAL/AI X Business Strategy.hwpx,Registered local source file classified as P1/internal with confidential disclosure. Content claims require retrieval-level citation.,Document-Supported Fact,external_comm,strategy|science|compliance|market|fundraising|operations|agent_development|rag|historical_context,public|external_unapproved
ASP-P1-B708BFA4E86D,AI 공부 로드맵,AI 공부 로드맵.hwpx,01_RAW_SOURCES/P1_ASPERITAS_INTERNAL/AI 공부 로드맵.hwpx,C:\Users\jbc89\OneDrive\Pictures\바탕 화면\asperitas-agent\01_RAW_SOURCES\P1_ASPERITAS_INTERNAL\AI 공부 로드맵.hwpx,b708bfa4e86dbcfd24887cda9f702ec07b073fd6c8da6e1356ba69413a5c3d43,26393,2026-06-08T16:06:48.787101+00:00,P1,internal,confidential,uploaded,,,2026-06-11,unknown,restricted,Default classification from source priority and repository path: confidential.,unknown,unverified,chunked,not_reviewed,not_applicable,01_RAW_SOURCES/P1_ASPERITAS_INTERNAL/AI 공부 로드맵.hwpx,Registered local source file classified as P1/internal with confidential disclosure. Content claims require retrieval-level citation.,Document-Supported Fact,external_comm,strategy|science|compliance|market|fundraising|operations|agent_development|rag|historical_context,public|external_unapproved
ASP-P1-B2F8DB4AEF1A,Analysis about China&AI (1),Analysis about China&AI (1).hwpx,01_RAW_SOURCES/P1_ASPERITAS_INTERNAL/Analysis about China&AI (1).hwpx,C:\Users\jbc89\OneDrive\Pictures\바탕 화면\asperitas-agent\01_RAW_SOURCES\P1_ASPERITAS_INTERNAL\Analysis about China&AI (1).hwpx,b2f8db4aef1acea20273d5d1d1c238cf366b7d9a86b86e7ee0799743b30175fd,1280971,2026-06-03T15:58:28.750520+00:00,P1,internal,confidential,uploaded,,,2026-06-11,CN,restricted,Default classification from source priority and repository path: confidential.,unknown,unverified,chunked,not_reviewed,not_applicable,01_RAW_SOURCES/P1_ASPERITAS_INTERNAL/Analysis about China&AI (1).hwpx,Registered local source file classified as P1/internal with confidential disclosure. Content claims require retrieval-level citation.,Document-Supported Fact,external_comm,strategy|science|compliance|market|fundraising|operations|agent_development|rag|historical_context,public|external_unapproved
ASP-P1-09525212ED1D,Analysis of China&AI,Analysis of China&AI.hwpx,01_RAW_SOURCES/P1_ASPERITAS_INTERNAL/Analysis of China&AI.hwpx,C:\Users\jbc89\OneDrive\Pictures\바탕 화면\asperitas-agent\01_RAW_SOURCES\P1_ASPERITAS_INTERNAL\Analysis of China&AI.hwpx,09525212ed1d9f00ff210be5dd154fdeb184b6aa939d2b48f4aa160e8fd3c2a0,1281224,2026-05-17T01:30:40.699528+00:00,P1,internal,confidential,uploaded,,,2026-06-11,CN,restricted,Default classification from source priority and repository path: confidential.,unknown,unverified,chunked,not_reviewed,not_applicable,01_RAW_SOURCES/P1_ASPERITAS_INTERNAL/Analysis of China&AI.hwpx,Registered local source file classified as P1/internal with confidential disclosure. Content claims require retrieval-level citation.,Document-Supported Fact,external_comm,strategy|science|compliance|market|fundraising|operations|agent_development|rag|historical_context,public|external_unapproved
ASP-P1-8DFFA954A986,Asperitas Inc. IR deck,Asperitas Inc. IR deck.pdf,01_RAW_SOURCES/P1_ASPERITAS_INTERNAL/Asperitas Inc. IR deck.pdf,C:\Users\jbc89\OneDrive\Pictures\바탕 화면\asperitas-agent\01_RAW_SOURCES\P1_ASPERITAS_INTERNAL\Asperitas Inc. IR deck.pdf,8dffa954a986cfaa330e96b322d0de888b8ecc5ece8182fa6c27e039b99ca8e2,7150425,2026-06-03T13:23:11.822874+00:00,P1,internal,confidential,uploaded,,,2026-06-11,unknown,restricted,Default classification from source priority and repository path: confidential.,unknown,unverified,chunked,not_reviewed,not_applicable,01_RAW_SOURCES/P1_ASPERITAS_INTERNAL/Asperitas Inc. IR deck.pdf,Registered local source file classified as P1/internal with confidential disclosure. Content claims require retrieval-level citation.,Document-Supported Fact,external_comm|financial,strategy|science|compliance|market|fundraising|operations|agent_development|rag|historical_context,public|external_unapproved
ASP-P1-4228CCB5AB27,Asperitas 소개 (2),Asperitas 소개 (2).docx,01_RAW_SOURCES/P1_ASPERITAS_INTERNAL/Asperitas 소개 (2).docx,C:\Users\jbc89\OneDrive\Pictures\바탕 화면\asperitas-agent\01_RAW_SOURCES\P1_ASPERITAS_INTERNAL\Asperitas 소개 (2).docx,4228ccb5ab272297899c180076324253624038db5dbdf14e03b0bf9b7def9947,3434138,2026-06-06T16:17:56.703166+00:00,P1,internal,confidential,uploaded,,,2026-06-11,unknown,restricted,Default classification from source priority and repository path: confidential.,unknown,unverified,chunked,not_reviewed,not_applicable,01_RAW_SOURCES/P1_ASPERITAS_INTERNAL/Asperitas 소개 (2).docx,Registered local source file classified as P1/internal with confidential disclosure. Content claims require retrieval-level citation.,Document-Supported Fact,external_comm,strategy|science|compliance|market|fundraising|operations|agent_development|rag|historical_context,public|external_unapproved
ASP-P1-8AEDA3CCCDA5,BRIC View 2026_T03_정희진,BRIC View 2026_T03_정희진.pdf,01_RAW_SOURCES/P1_ASPERITAS_INTERNAL/BRIC View 2026_T03_정희진.pdf,C:\Users\jbc89\OneDrive\Pictures\바탕 화면\asperitas-agent\01_RAW_SOURCES\P1_ASPERITAS_INTERNAL\BRIC View 2026_T03_정희진.pdf,8aeda3cccda5bc14c19738223f860e6d687aa460b641e1261b6f03c495220bca,573412,2026-06-11T15:11:07.633370+00:00,P1,internal,confidential,uploaded,,,2026-06-11,unknown,restricted,Default classification from source priority and repository path: confidential.,unknown,unverified,chunked,not_reviewed,not_applicable,01_RAW_SOURCES/P1_ASPERITAS_INTERNAL/BRIC View 2026_T03_정희진.pdf,Registered local source file classified as P1/internal with confidential disclosure. Content claims require retrieval-level citation.,Document-Supported Fact,external_comm,strategy|science|compliance|market|fundraising|operations|agent_development|rag|historical_context,public|external_unapproved
ASP-P1-7F138FC40FBE,protein design,protein design.pdf,01_RAW_SOURCES/P1_ASPERITAS_INTERNAL/protein design.pdf,C:\Users\jbc89\OneDrive\Pictures\바탕 화면\asperitas-agent\01_RAW_SOURCES\P1_ASPERITAS_INTERNAL\protein design.pdf,7f138fc40fbebac58ef1a748d14455804a9d618909e75198d0c7a253fd641369,6976902,2026-06-06T15:56:17.347854+00:00,P1,internal,confidential,uploaded,,,2026-06-11,unknown,restricted,Default classification from source priority and repository path: confidential.,unknown,unverified,chunked,not_reviewed,not_applicable,01_RAW_SOURCES/P1_ASPERITAS_INTERNAL/protein design.pdf,Registered local source file classified as P1/internal with confidential disclosure. Content claims require retrieval-level citation.,Document-Supported Fact,IP|external_comm,strategy|science|compliance|market|fundraising|operations|agent_development|rag|historical_context,public|external_unapproved
ASP-P1-5E284D789FD7,s41580-020-0259-3,s41580-020-0259-3.pdf,01_RAW_SOURCES/P1_ASPERITAS_INTERNAL/s41580-020-0259-3.pdf,C:\Users\jbc89\OneDrive\Pictures\바탕 화면\asperitas-agent\01_RAW_SOURCES\P1_ASPERITAS_INTERNAL\s41580-020-0259-3.pdf,5e284d789fd79ca6700d4e17ba8aca06e2051c9137987e099365c1d87e4fdba8,2809142,2026-06-06T16:01:39.952870+00:00,P1,internal,confidential,uploaded,,,2026-06-11,unknown,restricted,Default classification from source priority and repository path: confidential.,unknown,unverified,chunked,not_reviewed,not_applicable,01_RAW_SOURCES/P1_ASPERITAS_INTERNAL/s41580-020-0259-3.pdf,Registered local source file classified as P1/internal with confidential disclosure. Content claims require retrieval-level citation.,Document-Supported Fact,external_comm,strategy|science|compliance|market|fundraising|operations|agent_development|rag|historical_context,public|external_unapproved
ASP-P1-278BA0F658A0,s44385-025-00054-6,s44385-025-00054-6.pdf,01_RAW_SOURCES/P1_ASPERITAS_INTERNAL/s44385-025-00054-6.pdf,C:\Users\jbc89\OneDrive\Pictures\바탕 화면\asperitas-agent\01_RAW_SOURCES\P1_ASPERITAS_INTERNAL\s44385-025-00054-6.pdf,278ba0f658a04405feb98478a314b1d03e227b3161f739eda130407f3ba0197b,9016572,2026-06-06T16:01:34.594833+00:00,P1,internal,confidential,uploaded,,,2026-06-11,unknown,restricted,Default classification from source priority and repository path: confidential.,unknown,unverified,chunked,not_reviewed,not_applicable,01_RAW_SOURCES/P1_ASPERITAS_INTERNAL/s44385-025-00054-6.pdf,Registered local source file classified as P1/internal with confidential disclosure. Content claims require retrieval-level citation.,Document-Supported Fact,external_comm,strategy|science|compliance|market|fundraising|operations|agent_development|rag|historical_context,public|external_unapproved
ASP-P1-0D71A0849D07,SEED 후기,SEED 후기.pdf,01_RAW_SOURCES/P1_ASPERITAS_INTERNAL/SEED 후기.pdf,C:\Users\jbc89\OneDrive\Pictures\바탕 화면\asperitas-agent\01_RAW_SOURCES\P1_ASPERITAS_INTERNAL\SEED 후기.pdf,0d71a0849d077783b58cba94b487f5e01e020419eb73334d3cb59175af819f31,3173370,2026-05-30T14:23:03.375470+00:00,P1,internal,confidential,uploaded,,,2026-06-11,unknown,restricted,Default classification from source priority and repository path: confidential.,unknown,unverified,chunked,not_reviewed,not_applicable,01_RAW_SOURCES/P1_ASPERITAS_INTERNAL/SEED 후기.pdf,Registered local source file classified as P1/internal with confidential disclosure. Content claims require retrieval-level citation.,Document-Supported Fact,external_comm|privacy,strategy|science|compliance|market|fundraising|operations|agent_development|rag|historical_context,public|external_unapproved
ASP-P1-7FB4CFE8E67E,펭수생물,펭수생물.pdf,01_RAW_SOURCES/P1_ASPERITAS_INTERNAL/펭수생물.pdf,C:\Users\jbc89\OneDrive\Pictures\바탕 화면\asperitas-agent\01_RAW_SOURCES\P1_ASPERITAS_INTERNAL\펭수생물.pdf,7fb4cfe8e67e2e6e99691109319e344e8cb3802e739e9b67c4bf242a5910d60f,71662046,2026-06-09T04:40:28.774228+00:00,P1,internal,confidential,uploaded,,,2026-06-11,unknown,restricted,Default classification from source priority and repository path: confidential.,unknown,unverified,chunked,not_reviewed,not_applicable,01_RAW_SOURCES/P1_ASPERITAS_INTERNAL/펭수생물.pdf,Registered local source file classified as P1/internal with confidential disclosure. Content claims require retrieval-level citation.,Document-Supported Fact,external_comm,strategy|science|compliance|market|fundraising|operations|agent_development|rag|historical_context,public|external_unapproved
ASP-P1-1E9D3CD5732F,합성생물학 보고서,합성생물학 보고서.zip,01_RAW_SOURCES/P1_ASPERITAS_INTERNAL/합성생물학 보고서.zip,C:\Users\jbc89\OneDrive\Pictures\바탕 화면\asperitas-agent\01_RAW_SOURCES\P1_ASPERITAS_INTERNAL\합성생물학 보고서.zip,1e9d3cd5732fb12e15c0ccb0af4ccc10c3b679003c2444d03dffeaec62d6f421,37223867,2026-06-03T15:45:24.011647+00:00,P1,internal,confidential,uploaded,,,2026-06-11,unknown,restricted,Default classification from source priority and repository path: confidential.,unknown,unverified,registered,not_reviewed,not_applicable,01_RAW_SOURCES/P1_ASPERITAS_INTERNAL/합성생물학 보고서.zip,Registered local source file classified as P1/internal with confidential disclosure. Content claims require retrieval-level citation.,Document-Supported Fact,IP|biosafety|external_comm,strategy|science|compliance|market|fundraising|operations|agent_development|rag|historical_context,public|external_unapproved
ASP-P1-47C0109E03DC,합성생물학 정리 보고서,합성생물학 정리 보고서.docx,01_RAW_SOURCES/P1_ASPERITAS_INTERNAL/합성생물학 정리 보고서.docx,C:\Users\jbc89\OneDrive\Pictures\바탕 화면\asperitas-agent\01_RAW_SOURCES\P1_ASPERITAS_INTERNAL\합성생물학 정리 보고서.docx,47c0109e03dcc245e62a99deb37f6dc81c1968ef1b46d9d203f18658f895649a,136859,2026-05-26T04:41:12.852157+00:00,P1,internal,confidential,uploaded,,,2026-06-11,unknown,restricted,Default classification from source priority and repository path: confidential.,unknown,unverified,chunked,not_reviewed,not_applicable,01_RAW_SOURCES/P1_ASPERITAS_INTERNAL/합성생물학 정리 보고서.docx,Registered local source file classified as P1/internal with confidential disclosure. Content claims require retrieval-level citation.,Document-Supported Fact,biosafety|external_comm,strategy|science|compliance|market|fundraising|operations|agent_development|rag|historical_context,public|external_unapproved
ASP-P1-3782379CF4C3,2026 PTMC project,2026 PTMC project.pptx,01_RAW_SOURCES/P1_RND_PROJECTS/2026 PTMC project.pptx,C:\Users\jbc89\OneDrive\Pictures\바탕 화면\asperitas-agent\01_RAW_SOURCES\P1_RND_PROJECTS\2026 PTMC project.pptx,3782379cf4c34f7cbd19e33a90a6cad44b7770f7e8dea1a18a912f4191deeb9e,9462302,2026-06-02T14:11:31.544201+00:00,P1,internal,confidential,uploaded,,,2026-06-11,unknown,restricted,Default classification from source priority and repository path: confidential.,unknown,unverified,chunked,not_reviewed,not_applicable,01_RAW_SOURCES/P1_RND_PROJECTS/2026 PTMC project.pptx,Registered local source file classified as P1/internal with confidential disclosure. Content claims require retrieval-level citation.,Document-Supported Fact,external_comm,strategy|science|compliance|market|fundraising|operations|agent_development|rag|historical_context,public|external_unapproved
ASP-P4-506BF288B0C2,연구과제,연구과제.hwpx,01_RAW_SOURCES/P4_REGULATORY_GOVERNMENT/연구과제.hwpx,C:\Users\jbc89\OneDrive\Pictures\바탕 화면\asperitas-agent\01_RAW_SOURCES\P4_REGULATORY_GOVERNMENT\연구과제.hwpx,506bf288b0c227c9952c9c29424816c9948341bdbe51d41ee44e82f737c7884d,337612,2026-06-08T17:23:32.289278+00:00,P4,regulatory,external-safe,uploaded,,,2026-06-11,KR,needs_review,Default classification from source priority and repository path: external-safe.,none,needs_external_verification,chunked,not_reviewed,not_applicable,01_RAW_SOURCES/P4_REGULATORY_GOVERNMENT/연구과제.hwpx,Registered local source file classified as P4/regulatory with external-safe disclosure. Content claims require retrieval-level citation.,Regulatory Source,legal,compliance|operations|rag|historical_context,
ASP-P5-0D71A0849D07,SEED 후기,SEED 후기.pdf,01_RAW_SOURCES/P5_INDUSTRY_INTELLIGENCE/SEED 후기.pdf,C:\Users\jbc89\OneDrive\Pictures\바탕 화면\asperitas-agent\01_RAW_SOURCES\P5_INDUSTRY_INTELLIGENCE\SEED 후기.pdf,0d71a0849d077783b58cba94b487f5e01e020419eb73334d3cb59175af819f31,3173370,2026-05-30T14:23:03.375470+00:00,P5,market,internal,uploaded,,,2026-06-11,unknown,needs_review,Default classification from source priority and repository path: internal.,unknown,unverified,chunked,not_reviewed,not_applicable,01_RAW_SOURCES/P5_INDUSTRY_INTELLIGENCE/SEED 후기.pdf,Registered local source file classified as P5/market with internal disclosure. Content claims require retrieval-level citation.,Industry Signal,privacy,strategy|market|fundraising|rag|historical_context,public
ASP-P1-9E6E0FD6413C,biosafety_compliance_checklist,biosafety_compliance_checklist.md,04_AGENT_SYSTEM/guardrails/biosafety_compliance_checklist.md,C:\Users\jbc89\OneDrive\Pictures\바탕 화면\asperitas-agent\04_AGENT_SYSTEM\guardrails\biosafety_compliance_checklist.md,9e6e0fd6413cf7c7201f7ff5e9a361660e36bffce9670caef7188f52a37d25c9,31629,2026-06-09T17:36:03.847355+00:00,P1,internal,confidential,manual,,,2026-06-11,unknown,restricted,Default classification from source priority and repository path: confidential.,unknown,unverified,chunked,not_reviewed,not_applicable,04_AGENT_SYSTEM/guardrails/biosafety_compliance_checklist.md,Registered local source file classified as P1/internal with confidential disclosure. Content claims require retrieval-level citation.,Document-Supported Fact,biosafety|external_comm|legal,strategy|science|compliance|market|fundraising|operations|agent_development|rag|historical_context,public|external_unapproved
ASP-P1-2840194FE9ED,confidentiality_guardrail,confidentiality_guardrail.md,04_AGENT_SYSTEM/guardrails/confidentiality_guardrail.md,C:\Users\jbc89\OneDrive\Pictures\바탕 화면\asperitas-agent\04_AGENT_SYSTEM\guardrails\confidentiality_guardrail.md,2840194fe9edcd8d862fe4a7390578dbf719140fb51a60cbd0fed97c4c749dd4,31067,2026-06-09T17:36:28.855853+00:00,P1,internal,confidential,manual,,,2026-06-11,unknown,restricted,Default classification from source priority and repository path: confidential.,unknown,unverified,chunked,not_reviewed,not_applicable,04_AGENT_SYSTEM/guardrails/confidentiality_guardrail.md,Registered local source file classified as P1/internal with confidential disclosure. Content claims require retrieval-level citation.,Document-Supported Fact,external_comm,strategy|science|compliance|market|fundraising|operations|agent_development|rag|historical_context,public|external_unapproved
ASP-P1-4BDBDB2888C5,source_truth_rules,source_truth_rules.md,04_AGENT_SYSTEM/guardrails/source_truth_rules.md,C:\Users\jbc89\OneDrive\Pictures\바탕 화면\asperitas-agent\04_AGENT_SYSTEM\guardrails\source_truth_rules.md,4bdbdb2888c584f3b154ebc9b8f05d23a3c518aad9820c3a854c3433e4547266,30884,2026-06-09T17:36:55.202020+00:00,P1,internal,confidential,manual,,,2026-06-11,unknown,restricted,Default classification from source priority and repository path: confidential.,unknown,unverified,chunked,not_reviewed,not_applicable,04_AGENT_SYSTEM/guardrails/source_truth_rules.md,Registered local source file classified as P1/internal with confidential disclosure. Content claims require retrieval-level citation.,Document-Supported Fact,external_comm,strategy|science|compliance|market|fundraising|operations|agent_development|rag|historical_context,public|external_unapproved
ASP-P0-53D10E35269A,master_system_prompt,master_system_prompt.md,04_AGENT_SYSTEM/prompts/master_system_prompt.md,C:\Users\jbc89\OneDrive\Pictures\바탕 화면\asperitas-agent\04_AGENT_SYSTEM\prompts\master_system_prompt.md,53d10e35269a1d489f79bd0d687d5d73fff3cbe5eefeffb551ba2171030b7ef2,38721,2026-06-09T23:24:06.900067+00:00,P0,prompt,restricted,manual,,,2026-06-11,unknown,restricted,Default classification from source priority and repository path: restricted.,unknown,partially_verified,chunked,not_reviewed,not_applicable,04_AGENT_SYSTEM/prompts/master_system_prompt.md,Registered local source file classified as P0/prompt with restricted disclosure. Content claims require retrieval-level citation.,Document-Supported Fact,external_comm,agent_development|operations|rag|historical_context,public|external_unapproved
ASP-P1-FD85926784DA,asperitas_agent_eval_questions,asperitas_agent_eval_questions.md,06_EVALS/golden_questions/asperitas_agent_eval_questions.md,C:\Users\jbc89\OneDrive\Pictures\바탕 화면\asperitas-agent\06_EVALS\golden_questions\asperitas_agent_eval_questions.md,fd85926784da2c0cb8dd36dc192d224a129ef84f1b9dcbc6c5629bd2abe4c9b9,43338,2026-06-09T17:41:15.008681+00:00,P1,internal,confidential,unknown,,,2026-06-11,unknown,restricted,Default classification from source priority and repository path: confidential.,unknown,unverified,chunked,not_reviewed,not_applicable,06_EVALS/golden_questions/asperitas_agent_eval_questions.md,Registered local source file classified as P1/internal with confidential disclosure. Content claims require retrieval-level citation.,Document-Supported Fact,external_comm,strategy|science|compliance|market|fundraising|operations|agent_development|rag|historical_context,public|external_unapproved
ASP-P0-5A18ED2BC3A4,AGENTS,AGENTS.md,AGENTS.md,C:\Users\jbc89\OneDrive\Pictures\바탕 화면\asperitas-agent\AGENTS.md,5a18ed2bc3a450eaa9b624c5c36ec798e028273fbd23b10fee7a755b87d5807a,53106,2026-06-09T23:21:50.886451+00:00,P0,prompt,restricted,manual,,,2026-06-11,unknown,restricted,Default classification from source priority and repository path: restricted.,unknown,partially_verified,chunked,not_reviewed,not_applicable,AGENTS.md,Registered local source file classified as P0/prompt with restricted disclosure. Content claims require retrieval-level citation.,Document-Supported Fact,external_comm,agent_development|operations|rag|historical_context,public|external_unapproved
ASP-P0-C624E0299840,README,README.md,README.md,C:\Users\jbc89\OneDrive\Pictures\바탕 화면\asperitas-agent\README.md,c624e0299840898054074fed552f73db22c3269ca3fc029638e53e812f864574,39816,2026-06-09T23:19:40.183660+00:00,P0,prompt,restricted,manual,,,2026-06-11,unknown,restricted,Default classification from source priority and repository path: restricted.,unknown,partially_verified,chunked,not_reviewed,not_applicable,README.md,Registered local source file classified as P0/prompt with restricted disclosure. Content claims require retrieval-level citation.,Document-Supported Fact,external_comm,agent_development|operations|rag|historical_context,public|external_unapproved
ASP-P6-D1F4C9FC8737,Asperitas AI/BioAI Development Process Benchmark Report,AI 회사들 개발 과정 리포트(성능향상용).pdf,01_RAW_SOURCES/P6_BENCHMARK_OPERATING/AI 회사들 개발 과정 리포트(성능향상용).pdf,C:\Users\jbc89\OneDrive\문서\Asperitas AI agent\repo\01_RAW_SOURCES\P6_BENCHMARK_OPERATING\AI 회사들 개발 과정 리포트(성능향상용).pdf,d1f4c9fc8737bdfd3ca4e3dd64d22f6151165249ec0eb83329e3fe309de49400,167060,2026-06-27T08:20:53.708474+00:00,P6,benchmark_operating_intelligence,internal,uploaded,Asperitas internal working draft,,2026-06-27,GLOBAL,verify_before_ingestion,Internal P6 benchmark operating intelligence; not external-facing without review.,unknown,needs_external_verification,chunked,not_reviewed,not_applicable,01_RAW_SOURCES/P6_BENCHMARK_OPERATING/AI 회사들 개발 과정 리포트(성능향상용).pdf,Attached benchmark report extracted to markdown and page-aware chunks. Use only as operating analogy.,Inference,legal|external_comm,strategy|operations|agent_development|rag|historical_context,asperitas_fact|external_unapproved|investor_claim|wet_lab_execution
ASP-P6-188684F599A7,Benchmark source registry map,benchmark_source_registry.csv,00_ADMIN/source_registries/benchmark_source_registry.csv,C:\Users\jbc89\OneDrive\문서\Asperitas AI agent\repo\00_ADMIN\source_registries\benchmark_source_registry.csv,188684f599a7bb91900b8539b7c3c0b3c6f3c14b0c3a42ddce15563ca62522b6,11125,2026-06-27T08:23:09.301557+00:00,P6,benchmark_operating_intelligence,internal,uploaded,Asperitas/Codex user supplied source map,,2026-06-27,GLOBAL,verify_before_ingestion,Internal P6 benchmark operating intelligence; not external-facing without review.,unknown,needs_external_verification,registered,not_reviewed,not_applicable,00_ADMIN/source_registries/benchmark_source_registry.csv,Attached CSV source map. External links are mapped only and not ingested.,Inference,legal|external_comm,strategy|operations|agent_development|rag|historical_context,asperitas_fact|external_unapproved|investor_claim|wet_lab_execution
